Location,SamplingDate,SampleSeason,infest,HWA,EHS
FLE,3/12/2015,Winter,Both,0,0.689655172
FLE,3/12/2015,Winter,EHS,0,0.720720721
FLE,3/12/2015,Winter,Both,0,0.857142857
FLE,3/12/2015,Winter,Both,0,0.88691796
FLE,3/12/2015,Winter,EHS,0,0.916030534
FLE,3/12/2015,Winter,EHS,0,1.06918239
FLE,3/12/2015,Winter,EHS,0,1.101694915
FLE,3/12/2015,Winter,EHS,0,1.597938144
FLE,3/12/2015,Winter,EHS,0,1.759259259
FLE,3/12/2015,Winter,EHS,0,1.862745098
FLE,3/12/2015,Winter,EHS,0,2.084392476
FLE,3/12/2015,Winter,EHS,0,2.117647059
FLE,3/12/2015,Winter,EHS,0,2.178217822
FLE,3/12/2015,Winter,EHS,0,2.289156627
FLE,3/12/2015,Winter,Both,0,2.596580114
FLE,3/12/2015,Winter,EHS,0,2.785714286
FLE,3/12/2015,Winter,EHS,0,3.166666667
FLE,3/12/2015,Winter,EHS,0,3.196721311
FLE,3/12/2015,Winter,EHS,0,3.537414966
FLE,3/12/2015,Winter,EHS,0,4.088669951
FLE,3/12/2015,Winter,EHS,0,5.086206897
FLE,3/12/2015,Winter,EHS,0,5.271317829
FLE,3/12/2015,Winter,EHS,0,5.384615385
FLE,3/12/2015,Winter,EHS,0,5.761589404
FLE,3/12/2015,Winter,EHS,0,9.117647059
FLE,3/9/2016,Winter,Both,0,1.445783133
FLE,3/9/2016,Winter,Both,0,1.803278689
FLE,3/9/2016,Winter,EHS,0,2
FLE,3/9/2016,Winter,Both,0,2.094240838
FLE,3/9/2016,Winter,EHS,0,2.142857143
FLE,3/9/2016,Winter,EHS,0,2.280701754
FLE,3/9/2016,Winter,,0,2.461538462
FLE,3/9/2016,Winter,Both,0,3.333333333
FLE,3/9/2016,Winter,EHS,0,3.461538462
FLE,3/9/2016,Winter,Both,0,4.042553191
FLE,3/9/2016,Winter,EHS,0,4.769230769
FLE,3/9/2016,Winter,Both,0,4.897959184
FLE,3/9/2016,Winter,Both,0,5.714285714
FLE,3/9/2016,Winter,EHS,0,5.909090909
FLE,3/9/2016,Winter,EHS,0,7.75
FLE,3/9/2016,Winter,Both,0,9.285714286
FLE,3/9/2016,Winter,Both,0,10.38461538
FLE,3/9/2016,Winter,EHS,0,10.90225564
FLE,3/9/2016,Winter,EHS,0,12.63157895
FLE,3/9/2016,Winter,EHS,0,14.80144404
FLE,11/15/2016,Fall,Both,0,0.277777778
FLE,11/15/2016,Fall,Both,0,1.129943503
FLE,11/15/2016,Fall,EHS,0,1.176470588
FLE,11/15/2016,Fall,Both,0,1.666666667
FLE,11/15/2016,Fall,EHS,0,2.173913043
FLE,11/15/2016,Fall,EHS,0,2.316602317
FLE,11/15/2016,Fall,Both,0,2.380952381
FLE,11/15/2016,Fall,EHS,0,2.413793103
FLE,11/15/2016,Fall,EHS,0,2.5
FLE,11/15/2016,Fall,Both,0,2.649006623
FLE,11/15/2016,Fall,EHS,0,2.666666667
FLE,11/15/2016,Fall,EHS,0,2.777777778
FLE,11/15/2016,Fall,Both,0,2.790697674
FLE,11/15/2016,Fall,Both,0,3
FLE,11/15/2016,Fall,EHS,0,4
FLE,11/15/2016,Fall,Both,0,4.081632653
FLE,11/15/2016,Fall,EHS,0,4.635761589
FLE,11/15/2016,Fall,Both,0,4.761904762
FLE,11/15/2016,Fall,Both,0,5
FLE,11/15/2016,Fall,Both,0,5
FLE,11/15/2016,Fall,EHS,0,5
FLE,11/15/2016,Fall,EHS,0,5.333333333
FLE,11/15/2016,Fall,Both,0,5.555555556
FLE,11/15/2016,Fall,EHS,0,6
FLE,11/15/2016,Fall,EHS,0,6.147540984
FLE,11/15/2016,Fall,Both,0,6.501547988
FLE,11/15/2016,Fall,EHS,0,6.8
FLE,11/15/2016,Fall,Both,0,7.105263158
FLE,11/15/2016,Fall,EHS,0,7.5
FLE,11/15/2016,Fall,Both,0,8.741258741
FLE,11/15/2016,Fall,Both,0,9.405940594
FLE,11/15/2016,Fall,EHS,0,10
FLE,11/15/2016,Fall,Both,0,10.58823529
FLE,11/15/2016,Fall,Both,0,10.6557377
FLE,11/15/2016,Fall,EHS,0,11.53846154
FLE,11/15/2016,Fall,EHS,0,12
FLE,11/15/2016,Fall,Both,0,16
FLE,3/1/2017,Winter,EHS,0,0
FLE,3/1/2017,Winter,EHS,0,0
FLE,3/1/2017,Winter,EHS,0,0
FLE,3/1/2017,Winter,EHS,0,0.285714286
FLE,3/1/2017,Winter,EHS,0,0.305810398
FLE,3/1/2017,Winter,EHS,0,0.454545455
FLE,3/1/2017,Winter,Both,0,0.588235294
FLE,3/1/2017,Winter,Both,0,0.909090909
FLE,3/1/2017,Winter,EHS,0,0.909090909
FLE,3/1/2017,Winter,EHS,0,0.980392157
FLE,3/1/2017,Winter,Both,0,1
FLE,3/1/2017,Winter,EHS,0,1.162790698
FLE,3/1/2017,Winter,Both,0,1.176470588
FLE,3/1/2017,Winter,EHS,0,1.2
FLE,3/1/2017,Winter,EHS,0,1.315789474
FLE,3/1/2017,Winter,EHS,0,1.423487544
FLE,3/1/2017,Winter,Both,0,1.666666667
FLE,3/1/2017,Winter,EHS,0,1.666666667
FLE,3/1/2017,Winter,Both,0,1.739130435
FLE,3/1/2017,Winter,EHS,0,1.739130435
FLE,3/1/2017,Winter,Both,0,2.18579235
FLE,3/1/2017,Winter,EHS,0,2.619047619
FLE,3/1/2017,Winter,EHS,0,2.839116719
FLE,3/1/2017,Winter,EHS,0,3.398058252
FLE,3/1/2017,Winter,EHS,0,3.6
FLE,3/1/2017,Winter,Both,0,3.636363636
FLE,3/1/2017,Winter,EHS,0,3.720930233
FLE,3/1/2017,Winter,EHS,0,3.720930233
FLE,3/1/2017,Winter,EHS,0,5.66572238
FLE,3/1/2017,Winter,EHS,0,6.046511628
FLE,3/1/2017,Winter,EHS,0,7.142857143
FLE,3/1/2017,Winter,Both,0,7.272727273
FLE,3/1/2017,Winter,EHS,0,7.339449541
FLE,3/1/2017,Winter,EHS,0,8.235294118
FLE,3/1/2017,Winter,Both,0,13.29113924
FLE,3/1/2017,Winter,Both,0,13.95348837
FLE,3/1/2017,Winter,,0,16.88888889
FLE,3/1/2017,Winter,EHS,0,20.18348624
FLE,10/31/2017,Fall,EHS,0,1.025641026
FLE,10/31/2017,Fall,EHS,0,1.773049645
FLE,10/31/2017,Fall,EHS,0,2.139037433
FLE,10/31/2017,Fall,EHS,0,2.551020408
FLE,11/2/2017,Fall,EHS,0,1.840490798
FLE,11/2/2017,Fall,EHS,0,2.008928571
FLE,11/2/2017,Fall,EHS,0,3.191489362
FLE,11/7/2017,Fall,EHS,0,1.071428571
FLE,11/7/2017,Fall,EHS,0,2.45398773
FLE,11/7/2017,Fall,EHS,0,2.469135802
FLE,11/17/2017,Fall,EHS,0,0.975609756
FLE,11/18/2017,Fall,EHS,0,2.108433735
FLE,11/23/2017,Fall,Neither,0,0
FLE,2/27/2018,Winter,Both,0,1.379310345
FLE,2/27/2018,Winter,EHS,0,1.505376344
FLE,2/27/2018,Winter,Both,0,1.5625
FLE,2/27/2018,Winter,Both,0,1.730103806
FLE,2/27/2018,Winter,Both,0,1.764705882
FLE,2/27/2018,Winter,Both,0,1.789709172
FLE,2/27/2018,Winter,Both,0,2.195121951
FLE,2/27/2018,Winter,EHS,0,2.307692308
FLE,2/27/2018,Winter,EHS,0,2.340425532
FLE,2/27/2018,Winter,Both,0,2.769230769
FLE,2/27/2018,Winter,Both,0,3.06122449
FLE,2/27/2018,Winter,Both,0,3.076923077
FLE,2/27/2018,Winter,Both,0,3.347280335
FLE,2/27/2018,Winter,Both,0,3.636363636
FLE,2/27/2018,Winter,Both,0,3.684210526
FLE,2/27/2018,Winter,EHS,0,3.896103896
FLE,2/27/2018,Winter,Both,0,3.947368421
FLE,2/27/2018,Winter,Both,0,4.651162791
FLE,2/27/2018,Winter,Both,0,5.483870968
FLE,2/27/2018,Winter,Both,0,5.483870968
FLE,2/27/2018,Winter,Both,0,5.490196078
FLE,2/27/2018,Winter,EHS,0,5.93220339
FLE,2/27/2018,Winter,Both,0,6
FLE,2/27/2018,Winter,Both,0,6.32183908
FLE,2/27/2018,Winter,Both,0,8.933002481
FLE,2/27/2018,Winter,EHS,0,9.71659919
FLE,2/28/2019,Winter,Both,0,0
FLE,2/28/2019,Winter,EHS,0,0
FLE,2/28/2019,Winter,EHS,0,0.497512438
FLE,2/28/2019,Winter,EHS,0,0.634920635
FLE,2/28/2019,Winter,EHS,0,0.697674419
FLE,2/28/2019,Winter,EHS,0,0.731707317
FLE,2/28/2019,Winter,EHS,0,1.543209877
FLE,2/28/2019,Winter,EHS,0,1.762114537
FLE,2/28/2019,Winter,Both,0,1.98019802
FLE,2/28/2019,Winter,EHS,0,2.076124567
FLE,2/28/2019,Winter,EHS,0,2.464788732
FLE,2/28/2019,Winter,EHS,0,2.678571429
FLE,2/28/2019,Winter,EHS,0,3.186558517
FLE,2/28/2019,Winter,Both,0,3.526448363
FLE,2/28/2019,Winter,EHS,0,3.636363636
FLE,2/28/2019,Winter,EHS,0,6.875
FLE,2/28/2019,Winter,EHS,0,11.62790698
FLE,3/12/2015,Winter,Both,0.053763441,1.505376344
FLE,3/12/2015,Winter,Both,0.095238095,1.80952381
FLE,2/27/2018,Winter,Both,0.096525097,2.123552124
FLE,3/9/2016,Winter,Both,0.117647059,0.470588235
FLE,3/12/2015,Winter,Both,0.161290323,1.209677419
FLE,3/12/2015,Winter,Both,0.198216056,1.189296333
FLE,11/15/2016,Fall,Both,0.216216216,5.189189189
FLE,11/15/2016,Fall,Both,0.226244344,3.619909502
FLE,3/9/2016,Winter,Both,0.227272727,13.18181818
FLE,3/12/2015,Winter,Both,0.228310502,1.255707763
FLE,3/9/2016,Winter,Both,0.24,2.8
FLE,3/9/2016,Winter,Both,0.256410256,3.846153846
FLE,3/1/2017,Winter,Both,0.256410256,1.794871795
FLE,3/9/2016,Winter,Both,0.294117647,9.411764706
FLE,2/27/2018,Winter,Both,0.303030303,3.939393939
FLE,11/15/2016,Fall,Both,0.333333333,1.333333333
FLE,11/15/2016,Fall,Both,0.358422939,10.39426523
FLE,2/27/2018,Winter,EHS,0.385356455,3.275529865
FLE,2/28/2019,Winter,Both,0.390625,0.9765625
FLE,3/9/2016,Winter,Both,0.555555556,7.222222222
FLE,3/1/2017,Winter,Both,0.555555556,0
FLE,3/1/2017,Winter,Both,0.571428571,4
FLE,3/9/2016,Winter,Both,0.588235294,6.176470588
FLE,3/1/2017,Winter,Both,0.588235294,14.11764706
FLE,3/9/2016,Winter,,0.689655172,2.75862069
FLE,11/15/2016,Fall,Both,0.909090909,6.363636364
FLE,3/12/2015,Winter,Both,0.913705584,1.979695431
FLE,11/15/2016,Fall,Both,0.952380952,1.904761905
FLE,2/27/2018,Winter,Both,1.015228426,5.076142132
FLE,3/1/2017,Winter,Both,1.058201058,1.587301587
FLE,3/1/2017,Winter,Both,1.063829787,3.191489362
FLE,3/9/2016,Winter,Both,1.075268817,4.032258065
FLE,3/9/2016,Winter,,1.111111111,21.94444444
FLE,2/27/2018,Winter,Both,1.282051282,3.846153846
FLE,3/9/2016,Winter,Both,1.46627566,2.93255132
FLE,3/9/2016,Winter,Both,1.666666667,0
FLE,3/12/2015,Winter,Both,2.19858156,2.056737589
FLE,3/12/2015,Winter,Both,2.716049383,2.654320988
FLE,11/15/2016,Fall,Both,3.105590062,5.590062112
FLE,11/17/2017,Fall,Both,4.073319756,1.018329939
FLE,3/1/2017,Winter,Both,4.285714286,0
FLE,11/15/2016,Fall,Both,4.666666667,2
FLH,3/13/2015,Winter,EHS,0,0.053191489
FLH,3/13/2015,Winter,EHS,0,0.053191489
FLH,3/13/2015,Winter,EHS,0,0.247524752
FLH,3/13/2015,Winter,Both,0,0.6
FLH,3/13/2015,Winter,EHS,0,0.810810811
FLH,3/13/2015,Winter,Both,0,1.023622047
FLH,3/13/2015,Winter,EHS,0,1.038961039
FLH,3/13/2015,Winter,EHS,0,1.393939394
FLH,3/13/2015,Winter,EHS,0,1.458333333
FLH,3/10/2016,Winter,Both,0,0
FLH,3/10/2016,Winter,Both,0,0
FLH,3/10/2016,Winter,Both,0,0
FLH,3/10/2016,Winter,EHS,0,0
FLH,3/10/2016,Winter,EHS,0,0
FLH,3/10/2016,Winter,EHS,0,0
FLH,3/10/2016,Winter,EHS,0,0
FLH,3/10/2016,Winter,EHS,0,0
FLH,3/10/2016,Winter,EHS,0,0
FLH,3/10/2016,Winter,HWA,0,0
FLH,3/10/2016,Winter,Neither,0,0
FLH,3/10/2016,Winter,EHS,0,0.113636364
FLH,3/10/2016,Winter,EHS,0,0.125
FLH,3/10/2016,Winter,Both,0,0.12987013
FLH,3/10/2016,Winter,EHS,0,0.133333333
FLH,3/10/2016,Winter,Both,0,0.172413793
FLH,3/10/2016,Winter,Both,0,0.185185185
FLH,3/10/2016,Winter,EHS,0,0.227272727
FLH,3/10/2016,Winter,EHS,0,0.227272727
FLH,3/10/2016,Winter,Both,0,0.363636364
FLH,3/10/2016,Winter,EHS,0,0.447761194
FLH,3/10/2016,Winter,EHS,0,0.5
FLH,3/10/2016,Winter,EHS,0,0.505050505
FLH,3/10/2016,Winter,Both,0,0.740740741
FLH,3/10/2016,Winter,EHS,0,0.793650794
FLH,3/10/2016,Winter,Both,0,1.379310345
FLH,3/10/2016,Winter,EHS,0,2.380952381
FLH,3/10/2016,Winter,Both,0,3.333333333
FLH,11/14/2016,Fall,Both,0,0
FLH,11/14/2016,Fall,Both,0,0
FLH,11/14/2016,Fall,Both,0,0
FLH,11/14/2016,Fall,Both,0,0
FLH,11/14/2016,Fall,Both,0,0
FLH,11/14/2016,Fall,Both,0,0
FLH,11/14/2016,Fall,Both,0,0
FLH,11/14/2016,Fall,Both,0,0
FLH,11/14/2016,Fall,Both,0,0
FLH,11/14/2016,Fall,Both,0,0
FLH,11/14/2016,Fall,EHS,0,0
FLH,11/14/2016,Fall,EHS,0,0
FLH,11/14/2016,Fall,EHS,0,0
FLH,11/14/2016,Fall,EHS,0,0
FLH,11/14/2016,Fall,EHS,0,0.104166667
FLH,11/14/2016,Fall,Both,0,0.148809524
FLH,11/14/2016,Fall,Both,0,0.166666667
FLH,11/14/2016,Fall,EHS,0,0.204081633
FLH,11/14/2016,Fall,EHS,0,0.444444444
FLH,11/14/2016,Fall,Both,0,0.454545455
FLH,11/14/2016,Fall,Both,0,0.454545455
FLH,11/14/2016,Fall,Both,0,0.458715596
FLH,11/14/2016,Fall,EHS,0,0.5
FLH,11/14/2016,Fall,EHS,0,0.5
FLH,11/14/2016,Fall,EHS,0,0.526315789
FLH,11/14/2016,Fall,EHS,0,0.588235294
FLH,11/14/2016,Fall,Both,0,0.79787234
FLH,11/14/2016,Fall,EHS,0,1.212121212
FLH,11/14/2016,Fall,Both,0,1.25
FLH,11/14/2016,Fall,EHS,0,1.333333333
FLH,11/14/2016,Fall,Both,0,1.764705882
FLH,11/14/2016,Fall,Both,0,3.007518797
FLH,11/14/2016,Fall,Both,0,3.666666667
FLH,11/14/2016,Fall,Both,0,3.846153846
FLH,11/14/2016,Fall,EHS,0,5.277777778
FLH,2/28/2017,Winter,Both,0,0
FLH,2/28/2017,Winter,Both,0,0
FLH,2/28/2017,Winter,EHS,0,0
FLH,2/28/2017,Winter,EHS,0,0
FLH,2/28/2017,Winter,EHS,0,0
FLH,2/28/2017,Winter,EHS,0,0
FLH,2/28/2017,Winter,EHS,0,0
FLH,2/28/2017,Winter,,0,0
FLH,2/28/2017,Winter,,0,0
FLH,2/28/2017,Winter,,0,0
FLH,2/28/2017,Winter,EHS,0,0.194552529
FLH,2/28/2017,Winter,,0,0.204498978
FLH,2/28/2017,Winter,EHS,0,0.223713647
FLH,2/28/2017,Winter,EHS,0,0.243902439
FLH,2/28/2017,Winter,Both,0,0.384615385
FLH,2/28/2017,Winter,EHS,0,0.4
FLH,2/28/2017,Winter,EHS,0,0.416666667
FLH,2/28/2017,Winter,EHS,0,0.458715596
FLH,2/28/2017,Winter,,0,0.476190476
FLH,2/28/2017,Winter,EHS,0,0.537634409
FLH,2/28/2017,Winter,Neither,0,0.540540541
FLH,2/28/2017,Winter,EHS,0,0.552486188
FLH,2/28/2017,Winter,Neither,0,0.606060606
FLH,2/28/2017,Winter,EHS,0,0.757575758
FLH,2/28/2017,Winter,EHS,0,0.884955752
FLH,2/28/2017,Winter,EHS,0,1.111111111
FLH,2/28/2017,Winter,EHS,0,1.136363636
FLH,2/28/2017,Winter,,0,1.212121212
FLH,2/28/2017,Winter,EHS,0,2.631578947
FLH,2/28/2017,Winter,,0,3.866666667
FLH,2/28/2017,Winter,,0,4.285714286
FLH,11/18/2017,Fall,EHS,0,0.282485876
FLH,11/18/2017,Fall,EHS,0,0.740740741
FLH,11/18/2017,Fall,EHS,0,1.543209877
FLH,11/18/2017,Fall,EHS,0,1.846153846
FLH,11/18/2017,Fall,EHS,0,9.659090909
FLH,11/23/2017,Fall,EHS,0,0
FLH,11/23/2017,Fall,EHS,0,0
FLH,11/23/2017,Fall,Neither,0,0
FLH,11/23/2017,Fall,EHS,0,0.895522388
FLH,11/23/2017,Fall,EHS,0,1.492537313
FLH,11/23/2017,Fall,EHS,0,2.456140351
FLH,11/23/2017,Fall,EHS,0,3.664921466
FLH,11/23/2017,Fall,EHS,0,3.96039604
FLH,11/23/2017,Fall,EHS,0,9.459459459
FLH,2/28/2018,Winter,Both,0,0
FLH,2/28/2018,Winter,Both,0,0
FLH,2/28/2018,Winter,Both,0,0.333333333
FLH,2/28/2018,Winter,Both,0,0.392156863
FLH,2/28/2018,Winter,Both,0,0.882352941
FLH,2/28/2018,Winter,Both,0,1.333333333
FLH,2/28/2018,Winter,Both,0,1.395348837
FLH,2/28/2018,Winter,Both,0,1.739130435
FLH,2/28/2018,Winter,Both,0,1.935483871
FLH,2/28/2018,Winter,Both,0,2
FLH,2/28/2018,Winter,Both,0,3.278688525
FLH,2/27/2019,Winter,EHS,0,0
FLH,2/27/2019,Winter,HWA,0,0
FLH,2/27/2019,Winter,EHS,0,0.666666667
FLH,2/27/2019,Winter,Both,0,0.877192982
FLH,2/27/2019,Winter,Both,0,1.153846154
FLH,2/27/2019,Winter,Both,0,1.279069767
FLH,2/27/2019,Winter,EHS,0,5.217391304
FLH,2/28/2019,Winter,Both,0,0.714285714
FLH,2/28/2019,Winter,Both,0,0.840336134
FLH,3/13/2015,Winter,Both,0.086956522,0.260869565
FLH,3/10/2016,Winter,Both,0.111111111,0
FLH,3/10/2016,Winter,Both,0.126582278,0.506329114
FLH,3/10/2016,Winter,Both,0.151515152,1.060606061
FLH,3/10/2016,Winter,Both,0.153846154,0
FLH,3/10/2016,Winter,Both,0.161290323,0.806451613
FLH,11/14/2016,Fall,Both,0.169491525,0.677966102
FLH,3/10/2016,Winter,Both,0.2,0.2
FLH,2/28/2017,Winter,EHS,0.243902439,0.487804878
FLH,2/28/2018,Winter,Both,0.281690141,0.281690141
FLH,11/14/2016,Fall,Both,0.286532951,0.286532951
FLH,11/14/2016,Fall,Both,0.286532951,0.573065903
FLH,2/28/2017,Winter,Both,0.294117647,5.294117647
FLH,11/14/2016,Fall,Both,0.303030303,0.303030303
FLH,2/28/2017,Winter,,0.327868852,0.655737705
FLH,3/13/2015,Winter,Both,0.336134454,0.168067227
FLH,11/14/2016,Fall,Both,0.35335689,0.706713781
FLH,11/14/2016,Fall,Both,0.431034483,0.431034483
FLH,3/13/2015,Winter,Both,0.441257584,0.165471594
FLH,3/10/2016,Winter,Both,0.480769231,1.730769231
FLH,3/13/2015,Winter,Both,0.501504514,0
FLH,3/10/2016,Winter,Both,0.505050505,1.313131313
FLH,3/10/2016,Winter,Both,0.512820513,4.615384615
FLH,2/28/2018,Winter,Both,0.540540541,0.810810811
FLH,2/28/2018,Winter,Both,0.555555556,0.277777778
FLH,3/10/2016,Winter,Both,0.571428571,0
FLH,3/10/2016,Winter,Both,0.588235294,0.588235294
FLH,3/10/2016,Winter,Both,0.606060606,1.363636364
FLH,3/13/2015,Winter,Both,0.617283951,0.49382716
FLH,3/13/2015,Winter,Both,0.631067961,0.194174757
FLH,2/28/2017,Winter,Both,0.64516129,1.935483871
FLH,3/10/2016,Winter,HWA,0.701754386,0
FLH,3/10/2016,Winter,Both,0.789473684,6.842105263
FLH,3/10/2016,Winter,Both,0.8,0.64
FLH,3/10/2016,Winter,Both,0.806451613,2.258064516
FLH,3/10/2016,Winter,HWA,0.833333333,0
FLH,2/28/2017,Winter,Both,0.869565217,4.347826087
FLH,3/10/2016,Winter,Both,0.892857143,0
FLH,3/10/2016,Winter,Both,0.909090909,0.606060606
FLH,3/13/2015,Winter,Both,0.963855422,0.301204819
FLH,3/13/2015,Winter,Both,1.009174312,0.183486239
FLH,2/28/2018,Winter,Both,1.111111111,2.222222222
FLH,3/10/2016,Winter,Both,1.201201201,1.501501502
FLH,3/13/2015,Winter,Both,1.238095238,1.047619048
FLH,3/13/2015,Winter,Both,1.411290323,1.310483871
FLH,3/13/2015,Winter,Both,1.415929204,1.681415929
FLH,2/28/2017,Winter,,1.481481481,0.24691358
FLH,3/10/2016,Winter,Both,1.492537313,1.641791045
FLH,3/10/2016,Winter,Both,1.5625,0
FLH,3/13/2015,Winter,Both,1.647058824,0.352941176
FLH,2/28/2019,Winter,Both,1.648351648,0.549450549
FLH,3/13/2015,Winter,Both,1.818181818,0.227272727
FLH,2/28/2018,Winter,Both,2.099236641,1.145038168
FLH,3/13/2015,Winter,Both,2.105263158,0.526315789
FLH,11/14/2016,Fall,Both,2.333333333,0
FLH,3/13/2015,Winter,Both,2.5,1.666666667
FLH,2/28/2017,Winter,,2.592592593,0
FLH,3/13/2015,Winter,Both,2.625698324,0.446927374
FLH,11/14/2016,Fall,Both,2.733485194,2.505694761
FLH,3/13/2015,Winter,Both,2.876869965,0.920598389
FLH,2/27/2019,Winter,Both,3.015075377,2.512562814
FLH,2/27/2019,Winter,Both,3.125,3.75
FLH,11/14/2016,Fall,Both,3.20855615,0
FLH,3/10/2016,Winter,Both,3.333333333,3.666666667
FLH,2/28/2017,Winter,Both,3.333333333,6
FLH,2/28/2018,Winter,Both,3.333333333,0.666666667
FLH,3/10/2016,Winter,Both,3.414634146,0.975609756
FLH,2/28/2018,Winter,Both,3.571428571,0.714285714
FLH,2/28/2017,Winter,,3.611111111,0.833333333
FLH,2/28/2017,Winter,Both,3.692307692,2
FLH,3/10/2016,Winter,Both,3.716216216,0
FLH,2/28/2017,Winter,Both,3.716216216,0
FLH,2/28/2018,Winter,Both,4.444444444,6.031746032
FLH,2/28/2017,Winter,,5,1.25
FLH,3/10/2016,Winter,Both,5.185185185,0.555555556
FLH,11/14/2016,Fall,Both,6.282722513,0
FLH,11/14/2016,Fall,Both,7.575757576,0.303030303
MCL,3/8/2016,Winter,EHS,0,0.746268657
MCL,3/8/2016,Winter,EHS,0,0.891265597
MCL,3/8/2016,Winter,Both,0,1.245551601
MCL,3/8/2016,Winter,EHS,0,1.538461538
MCL,3/8/2016,Winter,EHS,0,1.578947368
MCL,3/8/2016,Winter,Both,0,1.666666667
MCL,3/8/2016,Winter,EHS,0,1.666666667
MCL,3/8/2016,Winter,EHS,0,1.858736059
MCL,3/8/2016,Winter,Both,0,2.150537634
MCL,3/8/2016,Winter,EHS,0,2.432432432
MCL,3/8/2016,Winter,Both,0,2.909090909
MCL,3/8/2016,Winter,EHS,0,3.043478261
MCL,3/8/2016,Winter,EHS,0,4.444444444
MCL,3/8/2016,Winter,EHS,0,4.895104895
MCL,3/8/2016,Winter,EHS,0,5.084745763
MCL,3/8/2016,Winter,Both,0,5.610561056
MCL,3/8/2016,Winter,EHS,0,14.57142857
MCL,3/1/2018,Winter,Both,0,0.933333333
MCL,3/1/2018,Winter,Both,0,2.452830189
MCL,3/1/2018,Winter,Both,0,2.456140351
MCL,3/1/2018,Winter,Both,0,2.456140351
MCL,3/1/2018,Winter,EHS,0,2.727272727
MCL,3/1/2018,Winter,EHS,0,2.962962963
MCL,3/1/2018,Winter,EHS,0,3.255813953
MCL,3/1/2018,Winter,Both,0,3.571428571
MCL,3/1/2018,Winter,Both,0,4.430379747
MCL,3/1/2018,Winter,Both,0,7.120743034
MCL,3/1/2018,Winter,Both,0,7.727272727
MCL,3/1/2018,Winter,EHS,0,9.090909091
MCL,3/1/2018,Winter,Both,0,9.523809524
MCL,3/1/2018,Winter,Both,0,10
MCL,3/1/2018,Winter,Both,0,11.66666667
MCL,3/1/2019,Winter,Both,0,0.368324125
MCL,3/1/2019,Winter,Both,0,0.392156863
MCL,3/1/2019,Winter,Both,0,0.488997555
MCL,3/1/2019,Winter,Both,0,0.5
MCL,3/1/2019,Winter,Both,0,0.555555556
MCL,3/1/2019,Winter,EHS,0,0.666666667
MCL,3/1/2019,Winter,EHS,0,0.983606557
MCL,3/1/2019,Winter,Both,0,1.216216216
MCL,3/1/2019,Winter,EHS,0,1.689860835
MCL,3/1/2019,Winter,EHS,0,1.856763926
MCL,3/1/2019,Winter,EHS,0,3.235294118
MCL,3/1/2019,Winter,Both,0,8.387096774
MCL,3/1/2019,Winter,Both,0.059594756,0.476758045
MCL,3/8/2016,Winter,Both,0.131578947,0.263157895
MCL,3/8/2016,Winter,Both,0.153846154,1.076923077
MCL,3/1/2018,Winter,Both,0.202839757,3.245436105
MCL,3/1/2018,Winter,Both,0.434782609,3.260869565
MCL,3/8/2016,Winter,Both,0.588235294,1.323529412
MCL,3/1/2018,Winter,Both,0.625,10
MCL,3/1/2018,Winter,Both,0.657894737,12.5
MCL,3/1/2019,Winter,Both,1.271186441,1.271186441
MCL,3/8/2016,Winter,Both,1.6,6.4
MCL,3/1/2018,Winter,Both,1.923076923,5
MCL,3/1/2018,Winter,Both,1.960784314,0.980392157
MCL,3/1/2018,Winter,Both,2.960526316,3.289473684
MCL,3/8/2016,Winter,Both,4.4,2.4
MCL,3/1/2018,Winter,Both,9.130434783,5.217391304
SMC,11/19/2018,Fall,Both,0,0
SMC,11/19/2018,Fall,Both,0,0
SMC,11/19/2018,Fall,EHS,0,0
SMC,11/19/2018,Fall,EHS,0,0.217864924
SMC,11/19/2018,Fall,EHS,0,0.27972028
SMC,11/19/2018,Fall,Both,0,0.285714286
SMC,11/19/2018,Fall,Both,0,0.294117647
SMC,11/19/2018,Fall,EHS,0,0.961538462
SMC,11/19/2018,Fall,EHS,0,1.086956522
SMC,11/19/2018,Fall,Both,0,1.428571429
SMC,11/19/2018,Fall,Both,0,2
SMC,11/19/2018,Fall,EHS,0,2.784810127
SMC,11/19/2018,Fall,EHS,0,3.454545455
SMC,11/20/2018,Fall,Both,0,0
SMC,11/20/2018,Fall,Both,0,0
SMC,11/20/2018,Fall,EHS,0,0
SMC,11/20/2018,Fall,EHS,0,0.176056338
SMC,11/20/2018,Fall,EHS,0,0.416666667
SMC,11/20/2018,Fall,EHS,0,0.526315789
SMC,11/20/2018,Fall,EHS,0,0.724637681
SMC,11/20/2018,Fall,EHS,0,0.726876249
SMC,11/20/2018,Fall,EHS,0,0.796812749
SMC,11/20/2018,Fall,Both,0,2.601156069
SMC,11/20/2018,Fall,EHS,0,4
SMC,11/20/2018,Fall,EHS,0,4.605263158
SMC,2/26/2019,Winter,Both,0,0
SMC,2/26/2019,Winter,Both,0,0
SMC,2/26/2019,Winter,EHS,0,0
SMC,2/26/2019,Winter,EHS,0,0
SMC,2/26/2019,Winter,EHS,0,0
SMC,2/26/2019,Winter,EHS,0,0.545454545
SMC,2/26/2019,Winter,Both,0,0.625
SMC,2/26/2019,Winter,Both,0,0.911161731
SMC,2/26/2019,Winter,EHS,0,1.031991744
SMC,2/26/2019,Winter,EHS,0,1.176470588
SMC,2/26/2019,Winter,Both,0,1.507537688
SMC,2/26/2019,Winter,EHS,0,1.818181818
SMC,2/26/2019,Winter,Both,0,2.032520325
SMC,11/19/2018,Fall,Both,0.188679245,5.094339623
SMC,2/26/2019,Winter,Both,0.294117647,4.411764706
SMC,11/19/2018,Fall,Both,0.4,0.8
SMC,11/19/2018,Fall,Both,0.54200542,0.81300813
SMC,2/26/2019,Winter,Both,0.555555556,0.555555556
SMC,11/20/2018,Fall,Both,1.6,0.533333333
SMC,2/26/2019,Winter,Both,1.666666667,3.75
SMC,11/20/2018,Fall,Both,2.704164413,3.244997296
SMC,2/26/2019,Winter,Both,4.761904762,2.380952381
SMC,2/26/2019,Winter,Both,4.761904762,2.380952381
